VWL(V),VBL(V),Current(uA),Mode,WL,BL,VSL(V)
4.50,1.00,4.235595878356934,RESET_SWEEP,121,5,1.00
4.50,1.05,4.006408866638185,RESET_SWEEP,121,5,1.05
4.50,1.10,4.374450858825684,RESET_SWEEP,121,5,1.10
4.50,1.15,3.296875175231934,RESET_SWEEP,121,5,1.15
4.50,1.20,4.339965995544434,RESET_SWEEP,121,5,1.20
4.50,1.25,4.932617362731934,RESET_SWEEP,121,5,1.25
4.50,1.30,4.224914726013185,RESET_SWEEP,121,5,1.30
4.50,1.35,3.507446464294434,RESET_SWEEP,121,5,1.35
4.50,1.40,4.658874686950684,RESET_SWEEP,121,5,1.40
4.50,1.45,4.717163261169434,RESET_SWEEP,121,5,1.45
4.50,1.50,4.070495780700684,RESET_SWEEP,121,5,1.50
4.50,1.55,4.754394706481935,RESET_SWEEP,121,5,1.55
4.50,1.60,4.654602226013184,RESET_SWEEP,121,5,1.60
4.50,1.65,5.246948417419434,RESET_SWEEP,121,5,1.65
4.50,1.70,4.443115409606934,RESET_SWEEP,121,5,1.70
4.50,1.75,3.792785819763184,RESET_SWEEP,121,5,1.75
4.50,1.80,3.0383912885131834,RESET_SWEEP,121,5,1.80
4.50,1.85,3.266052421325684,RESET_SWEEP,121,5,1.85
4.50,1.90,2.6657716596069334,RESET_SWEEP,121,5,1.90
4.50,1.95,2.613891776794434,RESET_SWEEP,121,5,1.95
4.50,2.00,1.4942018353881836,RESET_SWEEP,121,5,2.00
4.50,2.05,1.4404908978881836,RESET_SWEEP,121,5,2.05
4.50,2.10,-0.20727521539306643,RESET_SWEEP,121,5,2.10
4.50,2.10,-0.20727521539306643,RESET_PASSED,121,5,2.10
1.60,3.00,-0.1965940630493164,RESET_SWEEP,121,5,0.00
1.60,3.50,-0.1978147661743164,RESET_SWEEP,121,5,0.00
1.60,4.00,-0.1718748247680664,RESET_SWEEP,121,5,0.00
1.60,4.50,-0.2203977739868164,RESET_SWEEP,121,5,0.00
1.70,3.00,-0.2539671099243164,RESET_SWEEP,121,5,0.00
1.70,3.50,-0.22558576226806643,RESET_SWEEP,121,5,0.00
1.70,4.00,-0.2606809771118164,RESET_SWEEP,121,5,0.00
1.70,4.50,-0.2677000200805664,RESET_SWEEP,121,5,0.00
1.80,3.00,-0.2619016802368164,RESET_SWEEP,121,5,0.00
1.80,3.50,-0.2322996294555664,RESET_SWEEP,121,5,0.00
1.80,4.00,-0.24938947320556643,RESET_SWEEP,121,5,0.00
1.80,4.50,-0.19293195367431643,RESET_SWEEP,121,5,0.00
1.90,3.00,-0.19567853570556643,RESET_SWEEP,121,5,0.00
1.90,3.50,-0.2249754107055664,RESET_SWEEP,121,5,0.00
1.90,4.00,-0.2030027544555664,RESET_SWEEP,121,5,0.00
1.90,4.50,-0.22863752008056643,RESET_SWEEP,121,5,0.00
2.00,3.00,-0.042480293518066405,RESET_SWEEP,121,5,0.00
2.00,3.50,-0.06262189508056641,RESET_SWEEP,121,5,0.00
2.00,4.00,0.1804200971069336,RESET_SWEEP,121,5,0.00
2.00,4.50,-0.14166242242431643,RESET_SWEEP,121,5,0.00
2.10,3.00,2.1008912885131834,RESET_SWEEP,121,5,0.00
2.10,3.00,2.1008912885131834,RESET_PASSED,121,5,0.00
4.50,1.00,1.3748781049194339,RESET_SWEEP,121,5,1.00
4.50,1.05,1.9797365033569336,RESET_SWEEP,121,5,1.05
4.50,1.10,2.3187867963256834,RESET_SWEEP,121,5,1.10
4.50,1.15,2.019714530700684,RESET_SWEEP,121,5,1.15
4.50,1.20,1.9669191205444336,RESET_SWEEP,121,5,1.20
4.50,1.25,0.8966676557006836,RESET_SWEEP,121,5,1.25
4.50,1.30,2.031616386169434,RESET_SWEEP,121,5,1.30
4.50,1.35,1.5442506635131836,RESET_SWEEP,121,5,1.35
4.50,1.40,1.5653077924194336,RESET_SWEEP,121,5,1.40
4.50,1.45,0.8759157025756836,RESET_SWEEP,121,5,1.45
4.50,1.50,1.4041749799194336,RESET_SWEEP,121,5,1.50
4.50,1.55,1.5973512494506836,RESET_SWEEP,121,5,1.55
4.50,1.60,1.5827028119506836,RESET_SWEEP,121,5,1.60
4.50,1.65,1.2982789838256839,RESET_SWEEP,121,5,1.65
4.50,1.70,1.2723390424194336,RESET_SWEEP,121,5,1.70
4.50,1.75,0.4242555463256836,RESET_SWEEP,121,5,1.75
4.50,1.75,0.4242555463256836,RESET_PASSED,121,5,1.75
4.50,1.00,2.4432985150756834,RESET_SWEEP,121,6,1.00
4.50,1.05,2.4408571088256834,RESET_SWEEP,121,6,1.05
4.50,1.10,2.5076906049194334,RESET_SWEEP,121,6,1.10
4.50,1.15,2.4619142377319334,RESET_SWEEP,121,6,1.15
4.50,1.20,2.5235597455444334,RESET_SWEEP,121,6,1.20
4.50,1.25,2.4420778119506834,RESET_SWEEP,121,6,1.25
4.50,1.30,2.5031129682006834,RESET_SWEEP,121,6,1.30
4.50,1.35,2.4646608197631834,RESET_SWEEP,121,6,1.35
4.50,1.40,2.5086061322631834,RESET_SWEEP,121,6,1.40
4.50,1.45,2.6895753705444334,RESET_SWEEP,121,6,1.45
4.50,1.50,2.410644706481934,RESET_SWEEP,121,6,1.50
4.50,1.55,1.8021241986694336,RESET_SWEEP,121,6,1.55
4.50,1.60,2.5446168744506834,RESET_SWEEP,121,6,1.60
4.50,1.65,2.894653495544434,RESET_SWEEP,121,6,1.65
4.50,1.70,3.1967775189819334,RESET_SWEEP,121,6,1.70
4.50,1.75,3.1015626752319334,RESET_SWEEP,121,6,1.75
4.50,1.80,2.8397218549194334,RESET_SWEEP,121,6,1.80
4.50,1.85,1.2067262494506836,RESET_SWEEP,121,6,1.85
4.50,1.90,1.2213746869506839,RESET_SWEEP,121,6,1.90
4.50,1.95,2.148498710388184,RESET_SWEEP,121,6,1.95
4.50,2.00,2.5684205853881834,RESET_SWEEP,121,6,2.00
4.50,2.05,1.3440553510131836,RESET_SWEEP,121,6,2.05
4.50,2.10,3.255066093200684,RESET_SWEEP,121,6,2.10
4.50,2.15,3.437561210388184,RESET_SWEEP,121,6,2.15
4.50,2.20,3.5397950971069334,RESET_SWEEP,121,6,2.20
4.50,2.25,0.24542253851318363,RESET_SWEEP,121,6,2.25
4.50,2.25,0.24542253851318363,RESET_PASSED,121,6,2.25
4.50,1.00,0.6403199994506836,RESET_SWEEP,121,6,1.00
4.50,1.05,0.6372682416381837,RESET_SWEEP,121,6,1.05
4.50,1.10,0.5609742963256836,RESET_SWEEP,121,6,1.10
4.50,1.10,0.5609742963256836,RESET_PASSED,121,6,1.10
4.50,1.00,0.3525392377319336,RESET_SWEEP,121,6,1.00
4.50,1.00,0.3525392377319336,RESET_PASSED,121,6,1.00
4.50,1.00,0.7242433392944336,RESET_SWEEP,121,6,1.00
4.50,1.05,0.7254640424194337,RESET_SWEEP,121,6,1.05
4.50,1.10,0.7636110150756836,RESET_SWEEP,121,6,1.10
4.50,1.15,0.7889406049194336,RESET_SWEEP,121,6,1.15
4.50,1.20,0.7175294721069337,RESET_SWEEP,121,6,1.20
4.50,1.25,0.6357423627319336,RESET_SWEEP,121,6,1.25
4.50,1.30,0.6119386517944336,RESET_SWEEP,121,6,1.30
4.50,1.35,0.6918947064819337,RESET_SWEEP,121,6,1.35
4.50,1.40,0.6339113080444336,RESET_SWEEP,121,6,1.40
4.50,1.45,0.5893556439819336,RESET_SWEEP,121,6,1.45
4.50,1.45,0.5893556439819336,RESET_PASSED,121,6,1.45
4.50,1.00,4.355835136169434,RESET_SWEEP,121,7,1.00
4.50,1.05,4.269470390075684,RESET_SWEEP,121,7,1.05
4.50,1.10,5.058654960388184,RESET_SWEEP,121,7,1.10
4.50,1.15,4.859069999450684,RESET_SWEEP,121,7,1.15
4.50,1.20,4.802612479919435,RESET_SWEEP,121,7,1.20
4.50,1.25,3.993591483825684,RESET_SWEEP,121,7,1.25
4.50,1.30,5.054992851013185,RESET_SWEEP,121,7,1.30
4.50,1.35,4.331421073669434,RESET_SWEEP,121,7,1.35
4.50,1.40,5.315918143981935,RESET_SWEEP,121,7,1.40
4.50,1.45,4.877075370544435,RESET_SWEEP,121,7,1.45
4.50,1.50,5.371460136169434,RESET_SWEEP,121,7,1.50
4.50,1.55,4.728759940856934,RESET_SWEEP,121,7,1.55
4.50,1.60,5.133728202575685,RESET_SWEEP,121,7,1.60
4.50,1.65,3.933471854919434,RESET_SWEEP,121,7,1.65
4.50,1.70,5.146545585388184,RESET_SWEEP,121,7,1.70
4.50,1.75,4.286865409606935,RESET_SWEEP,121,7,1.75
4.50,1.80,4.830688651794434,RESET_SWEEP,121,7,1.80
4.50,1.85,3.3585206830444334,RESET_SWEEP,121,7,1.85
4.50,1.90,2.3218385541381834,RESET_SWEEP,121,7,1.90
4.50,1.95,1.2705079877319339,RESET_SWEEP,121,7,1.95
4.50,2.00,-0.16302472711181643,RESET_SWEEP,121,7,2.00
4.50,2.00,-0.16302472711181643,RESET_PASSED,121,7,2.00
1.60,3.00,-0.1648557817993164,RESET_SWEEP,121,7,0.00
1.60,3.50,-0.1367796099243164,RESET_SWEEP,121,7,0.00
1.60,4.00,-0.2368772661743164,RESET_SWEEP,121,7,0.00
1.60,4.50,-0.12060529351806641,RESET_SWEEP,121,7,0.00
1.70,3.00,-0.14807111383056643,RESET_SWEEP,121,7,0.00
1.70,3.50,-0.08093244195556641,RESET_SWEEP,121,7,0.00
1.70,4.00,-0.055297676330566405,RESET_SWEEP,121,7,0.00
1.70,4.50,-0.09527570367431643,RESET_SWEEP,121,7,0.00
1.80,3.00,-0.09985334039306643,RESET_SWEEP,121,7,0.00
1.80,3.50,-0.09741193414306641,RESET_SWEEP,121,7,0.00
1.80,4.00,-0.08917218804931643,RESET_SWEEP,121,7,0.00
1.80,4.50,-0.11633283258056641,RESET_SWEEP,121,7,0.00
1.90,3.00,-0.08795148492431641,RESET_SWEEP,121,7,0.00
1.90,3.50,-0.08703595758056641,RESET_SWEEP,121,7,0.00
1.90,4.00,-0.09039289117431641,RESET_SWEEP,121,7,0.00
1.90,4.50,-0.09466535211181643,RESET_SWEEP,121,7,0.00
2.00,3.00,-0.09313947320556641,RESET_SWEEP,121,7,0.00
2.00,3.50,-0.10443097711181643,RESET_SWEEP,121,7,0.00
2.00,4.00,-0.12670880914306643,RESET_SWEEP,121,7,0.00
2.00,4.50,-0.1657713091430664,RESET_SWEEP,121,7,0.00
2.10,3.00,2.6764528119506834,RESET_SWEEP,121,7,0.00
2.10,3.00,2.6764528119506834,RESET_PASSED,121,7,0.00
4.50,1.00,1.9260255658569339,RESET_SWEEP,121,7,1.00
4.50,1.05,2.1970216596069334,RESET_SWEEP,121,7,1.05
4.50,1.10,3.042053397888184,RESET_SWEEP,121,7,1.10
4.50,1.15,3.1421510541381834,RESET_SWEEP,121,7,1.15
4.50,1.20,2.3831788861694334,RESET_SWEEP,121,7,1.20
4.50,1.25,2.9694215619506834,RESET_SWEEP,121,7,1.25
4.50,1.30,2.6163331830444334,RESET_SWEEP,121,7,1.30
4.50,1.35,0.9790651166381836,RESET_SWEEP,121,7,1.35
4.50,1.40,1.2201539838256836,RESET_SWEEP,121,7,1.40
4.50,1.45,0.7669679486694337,RESET_SWEEP,121,7,1.45
4.50,1.50,0.5344240033569336,RESET_SWEEP,121,7,1.50
4.50,1.50,0.5344240033569336,RESET_PASSED,121,7,1.50
4.50,1.00,0.8197633588256836,RESET_SWEEP,121,7,1.00
4.50,1.05,0.8417360150756836,RESET_SWEEP,121,7,1.05
4.50,1.10,0.7523195111694336,RESET_SWEEP,121,7,1.10
4.50,1.15,0.8463136517944336,RESET_SWEEP,121,7,1.15
4.50,1.20,0.49749773382568363,RESET_SWEEP,121,7,1.20
4.50,1.20,0.49749773382568363,RESET_PASSED,121,7,1.20
4.50,1.00,0.7388917767944337,RESET_SWEEP,121,7,1.00
4.50,1.05,1.6788331830444336,RESET_SWEEP,121,7,1.05
4.50,1.10,1.7740480267944339,RESET_SWEEP,121,7,1.10
4.50,1.15,2.2354738080444334,RESET_SWEEP,121,7,1.15
4.50,1.20,1.8009034955444339,RESET_SWEEP,121,7,1.20
4.50,1.25,1.7987672650756839,RESET_SWEEP,121,7,1.25
4.50,1.30,1.8146364057006839,RESET_SWEEP,121,7,1.30
4.50,1.35,2.1143190228881834,RESET_SWEEP,121,7,1.35
4.50,1.40,1.2421266400756839,RESET_SWEEP,121,7,1.40
4.50,1.45,2.0941774213256834,RESET_SWEEP,121,7,1.45
4.50,1.50,0.8377687299194337,RESET_SWEEP,121,7,1.50
4.50,1.55,0.1746217572631836,RESET_SWEEP,121,7,1.55
4.50,1.55,0.1746217572631836,RESET_PASSED,121,7,1.55
4.50,1.00,3.6435548627319334,RESET_SWEEP,121,8,1.00
4.50,1.05,3.574279960388184,RESET_SWEEP,121,8,1.05
4.50,1.10,3.7253419721069334,RESET_SWEEP,121,8,1.10
4.50,1.15,3.806823905700684,RESET_SWEEP,121,8,1.15
4.50,1.20,3.840393241638184,RESET_SWEEP,121,8,1.20
4.50,1.25,3.592895683044434,RESET_SWEEP,121,8,1.25
4.50,1.30,3.850464042419434,RESET_SWEEP,121,8,1.30
4.50,1.35,3.709778007263184,RESET_SWEEP,121,8,1.35
4.50,1.40,3.5431520307006834,RESET_SWEEP,121,8,1.40
4.50,1.45,3.604797538513184,RESET_SWEEP,121,8,1.45
4.50,1.50,3.4808961713256834,RESET_SWEEP,121,8,1.50
4.50,1.55,3.472656425231934,RESET_SWEEP,121,8,1.55
4.50,1.60,3.290161308044434,RESET_SWEEP,121,8,1.60
4.50,1.65,3.8086549603881834,RESET_SWEEP,121,8,1.65
4.50,1.70,4.409851249450684,RESET_SWEEP,121,8,1.70
4.50,1.75,4.077514823669435,RESET_SWEEP,121,8,1.75
4.50,1.80,3.6853639447631834,RESET_SWEEP,121,8,1.80
4.50,1.85,4.153198417419434,RESET_SWEEP,121,8,1.85
4.50,1.90,3.915771659606934,RESET_SWEEP,121,8,1.90
4.50,1.95,5.112976249450684,RESET_SWEEP,121,8,1.95
4.50,2.00,3.748840507263184,RESET_SWEEP,121,8,2.00
4.50,2.05,3.2276002728881834,RESET_SWEEP,121,8,2.05
4.50,2.10,2.7423707807006834,RESET_SWEEP,121,8,2.10
4.50,2.15,2.6065675580444334,RESET_SWEEP,121,8,2.15
4.50,2.20,2.3093263471069334,RESET_SWEEP,121,8,2.20
4.50,2.25,1.4499513471069336,RESET_SWEEP,121,8,2.25
4.50,2.30,2.0538942182006834,RESET_SWEEP,121,8,2.30
4.50,2.35,1.4487306439819336,RESET_SWEEP,121,8,2.35
4.50,2.40,0.6387941205444336,RESET_SWEEP,121,8,2.40
4.50,2.45,1.8778077924194339,RESET_SWEEP,121,8,2.45
4.50,2.50,0.5328981244506836,RESET_SWEEP,121,8,2.50
4.50,2.50,0.5328981244506836,RESET_PASSED,121,8,2.50
4.50,1.00,6.103882011169434,RESET_SWEEP,121,9,1.00
4.50,1.05,5.942444022888185,RESET_SWEEP,121,9,1.05
4.50,1.10,6.220764335388184,RESET_SWEEP,121,9,1.10
4.50,1.15,5.976013358825684,RESET_SWEEP,121,9,1.15
4.50,1.20,6.210693534606934,RESET_SWEEP,121,9,1.20
4.50,1.25,6.179870780700684,RESET_SWEEP,121,9,1.25
4.50,1.30,6.301635917419435,RESET_SWEEP,121,9,1.30
4.50,1.35,5.410827811950684,RESET_SWEEP,121,9,1.35
4.50,1.40,5.511535819763185,RESET_SWEEP,121,9,1.40
4.50,1.45,5.966247733825685,RESET_SWEEP,121,9,1.45
4.50,1.50,6.523498710388185,RESET_SWEEP,121,9,1.50
4.50,1.55,6.011413749450684,RESET_SWEEP,121,9,1.55
4.50,1.60,6.358093436950684,RESET_SWEEP,121,9,1.60
4.50,1.65,5.598816093200684,RESET_SWEEP,121,9,1.65
4.50,1.70,6.840576347106934,RESET_SWEEP,121,9,1.70
4.50,1.75,6.761840995544434,RESET_SWEEP,121,9,1.75
4.50,1.80,6.182617362731934,RESET_SWEEP,121,9,1.80
4.50,1.85,3.9465944135131834,RESET_SWEEP,121,9,1.85
4.50,1.90,4.774536308044435,RESET_SWEEP,121,9,1.90
4.50,1.95,5.668396171325684,RESET_SWEEP,121,9,1.95
4.50,2.00,4.029907401794434,RESET_SWEEP,121,9,2.00
4.50,2.05,3.5214845502319334,RESET_SWEEP,121,9,2.05
4.50,2.10,2.5485841596069334,RESET_SWEEP,121,9,2.10
4.50,2.15,2.963623222106934,RESET_SWEEP,121,9,2.15
4.50,2.20,1.4511720502319336,RESET_SWEEP,121,9,2.20
4.50,2.25,0.8493654096069336,RESET_SWEEP,121,9,2.25
4.50,2.30,1.0928956830444336,RESET_SWEEP,121,9,2.30
4.50,2.35,0.8038942182006837,RESET_SWEEP,121,9,2.35
4.50,2.40,1.2070314252319336,RESET_SWEEP,121,9,2.40
4.50,2.45,2.2012941205444334,RESET_SWEEP,121,9,2.45
4.50,2.50,3.833679374450684,RESET_SWEEP,121,9,2.50
4.50,2.55,3.899597343200684,RESET_SWEEP,121,9,2.55
4.50,2.60,3.4833375775756834,RESET_SWEEP,121,9,2.60
4.50,2.65,4.190124686950684,RESET_SWEEP,121,9,2.65
4.50,2.70,2.9254762494506834,RESET_SWEEP,121,9,2.70
4.50,2.75,3.563293632263184,RESET_SWEEP,121,9,2.75
4.50,2.80,3.252929862731934,RESET_SWEEP,121,9,2.80
4.50,2.85,4.259399589294434,RESET_SWEEP,121,9,2.85
4.50,2.90,4.251770194763184,RESET_SWEEP,121,9,2.90
4.50,2.95,2.9834596478881834,RESET_SWEEP,121,9,2.95
4.50,3.00,2.3129884564819334,RESET_SWEEP,121,9,3.00
4.50,3.05,2.613891776794434,RESET_SWEEP,121,9,3.05
4.50,3.10,1.1160890424194336,RESET_SWEEP,121,9,3.10
4.50,3.15,1.4813844525756839,RESET_SWEEP,121,9,3.15
4.50,3.20,2.1790162885131834,RESET_SWEEP,121,9,3.20
4.50,3.25,1.5805665814819336,RESET_SWEEP,121,9,3.25
4.50,3.30,1.6409913861694336,RESET_SWEEP,121,9,3.30
4.50,3.35,1.2921754682006836,RESET_SWEEP,121,9,3.35
4.50,3.40,2.2629396283569334,RESET_SWEEP,121,9,3.40
4.50,3.45,1.1331788861694336,RESET_SWEEP,121,9,3.45
4.50,3.50,1.4981691205444336,RESET_SWEEP,121,9,3.50
4.50,1.00,2.2150270307006834,RESET_SWEEP,121,9,1.00
4.50,1.05,2.2092286908569334,RESET_SWEEP,121,9,1.05
4.50,1.10,2.289489921325684,RESET_SWEEP,121,9,1.10
4.50,1.15,2.4176637494506834,RESET_SWEEP,121,9,1.15
4.50,1.20,2.1939699017944334,RESET_SWEEP,121,9,1.20
4.50,1.25,2.1524659955444334,RESET_SWEEP,121,9,1.25
4.50,1.30,2.423767265075684,RESET_SWEEP,121,9,1.30
4.50,1.35,2.3743287885131834,RESET_SWEEP,121,9,1.35
4.50,1.40,3.618835624450684,RESET_SWEEP,121,9,1.40
4.50,1.45,3.0930177533569334,RESET_SWEEP,121,9,1.45
4.50,1.50,2.9315797650756834,RESET_SWEEP,121,9,1.50
4.50,1.55,2.8156129682006834,RESET_SWEEP,121,9,1.55
4.50,1.60,2.6758424603881834,RESET_SWEEP,121,9,1.60
4.50,1.65,3.3215944135131834,RESET_SWEEP,121,9,1.65
4.50,1.70,2.8381959760131834,RESET_SWEEP,121,9,1.70
4.50,1.75,2.4225465619506834,RESET_SWEEP,121,9,1.75
4.50,1.80,2.4167482221069334,RESET_SWEEP,121,9,1.80
4.50,1.85,2.4552003705444334,RESET_SWEEP,121,9,1.85
4.50,1.90,3.2718507611694334,RESET_SWEEP,121,9,1.90
4.50,1.95,3.854736503356934,RESET_SWEEP,121,9,1.95
4.50,2.00,2.8354493939819334,RESET_SWEEP,121,9,2.00
4.50,2.05,3.444275077575684,RESET_SWEEP,121,9,2.05
4.50,2.10,2.6709596478881834,RESET_SWEEP,121,9,2.10
4.50,2.15,2.504638847106934,RESET_SWEEP,121,9,2.15
4.50,2.20,3.2987062299194334,RESET_SWEEP,121,9,2.20
4.50,2.25,2.063354667419434,RESET_SWEEP,121,9,2.25
4.50,2.30,1.4441530072631839,RESET_SWEEP,121,9,2.30
4.50,2.35,0.1639406049194336,RESET_SWEEP,121,9,2.35
4.50,2.35,0.1639406049194336,RESET_PASSED,121,9,2.35
1.60,3.00,0.11206072210693359,RESET_SWEEP,121,9,0.00
1.60,3.50,0.17279070257568363,RESET_SWEEP,121,9,0.00
1.60,4.00,0.14227312445068363,RESET_SWEEP,121,9,0.00
1.60,4.50,0.1795045697631836,RESET_SWEEP,121,9,0.00
1.70,3.00,0.1099244916381836,RESET_SWEEP,121,9,0.00
1.70,3.50,0.10626238226318359,RESET_SWEEP,121,9,0.00
1.70,4.00,0.17858904241943363,RESET_SWEEP,121,9,0.00
1.70,4.50,0.11999529241943359,RESET_SWEEP,121,9,0.00
1.80,3.00,0.25305193304443363,RESET_SWEEP,121,9,0.00
1.80,3.00,0.25305193304443363,RESET_PASSED,121,9,0.00
1.60,3.00,0.1764528119506836,RESET_SWEEP,121,9,0.00
1.60,3.50,0.1953737103881836,RESET_SWEEP,121,9,0.00
1.60,4.00,0.1694337689819336,RESET_SWEEP,121,9,0.00
1.60,4.50,0.2005616986694336,RESET_SWEEP,121,9,0.00
1.60,4.50,0.2005616986694336,RESET_PASSED,121,9,0.00
1.60,3.00,0.17858904241943363,RESET_SWEEP,121,9,0.00
1.60,3.50,0.20788591741943363,RESET_SWEEP,121,9,0.00
1.60,3.50,0.20788591741943363,RESET_PASSED,121,9,0.00
4.50,1.00,4.712585624450684,RESET_SWEEP,122,5,1.00
4.50,1.05,4.660705741638184,RESET_SWEEP,122,5,1.05
4.50,1.10,3.6960450971069334,RESET_SWEEP,122,5,1.10
4.50,1.15,3.962463554138184,RESET_SWEEP,122,5,1.15
4.50,1.20,4.421753104919434,RESET_SWEEP,122,5,1.20
4.50,1.25,4.622558768981934,RESET_SWEEP,122,5,1.25
4.50,1.30,4.884704765075685,RESET_SWEEP,122,5,1.30
4.50,1.35,5.179199393981934,RESET_SWEEP,122,5,1.35
4.50,1.40,4.562439140075684,RESET_SWEEP,122,5,1.40
4.50,1.45,5.047668632263184,RESET_SWEEP,122,5,1.45
4.50,1.50,4.172424491638185,RESET_SWEEP,122,5,1.50
4.50,1.55,4.230713065856934,RESET_SWEEP,122,5,1.55
4.50,1.60,4.050049003356934,RESET_SWEEP,122,5,1.60
4.50,1.65,4.417480643981934,RESET_SWEEP,122,5,1.65
4.50,1.70,2.4051515424194334,RESET_SWEEP,122,5,1.70
4.50,1.75,3.914856132263184,RESET_SWEEP,122,5,1.75
4.50,1.80,3.5495607221069334,RESET_SWEEP,122,5,1.80
4.50,1.85,2.9202882611694334,RESET_SWEEP,122,5,1.85
4.50,1.90,2.0477907025756834,RESET_SWEEP,122,5,1.90
4.50,1.95,2.1317140424194334,RESET_SWEEP,122,5,1.95
4.50,2.00,2.203125175231934,RESET_SWEEP,122,5,2.00
4.50,2.05,2.624878104919434,RESET_SWEEP,122,5,2.05
4.50,2.10,2.2821657025756834,RESET_SWEEP,122,5,2.10
4.50,2.15,0.7248536908569336,RESET_SWEEP,122,5,2.15
4.50,2.20,1.1466066205444336,RESET_SWEEP,122,5,2.20
4.50,2.25,1.3178102338256836,RESET_SWEEP,122,5,2.25
4.50,2.30,0.1285402142944336,RESET_SWEEP,122,5,2.30
4.50,2.30,0.1285402142944336,RESET_PASSED,122,5,2.30
4.50,1.00,4.333862479919434,RESET_SWEEP,122,6,1.00
4.50,1.05,4.190124686950684,RESET_SWEEP,122,6,1.05
4.50,1.10,4.379638847106934,RESET_SWEEP,122,6,1.10
4.50,1.15,4.313110526794435,RESET_SWEEP,122,6,1.15
4.50,1.20,4.456543143981934,RESET_SWEEP,122,6,1.20
4.50,1.25,4.422363456481935,RESET_SWEEP,122,6,1.25
4.50,1.30,4.480346854919434,RESET_SWEEP,122,6,1.30
4.50,1.35,4.521545585388184,RESET_SWEEP,122,6,1.35
4.50,1.40,4.144958671325684,RESET_SWEEP,122,6,1.40
4.50,1.45,4.421753104919434,RESET_SWEEP,122,6,1.45
4.50,1.50,4.177917655700684,RESET_SWEEP,122,6,1.50
4.50,1.55,4.397644218200684,RESET_SWEEP,122,6,1.55
4.50,1.60,4.356140311950684,RESET_SWEEP,122,6,1.60
4.50,1.65,4.666504081481934,RESET_SWEEP,122,6,1.65
4.50,1.70,4.392761405700684,RESET_SWEEP,122,6,1.70
4.50,1.75,4.459289726013184,RESET_SWEEP,122,6,1.75
4.50,1.80,4.010986503356934,RESET_SWEEP,122,6,1.80
4.50,1.85,4.093689140075685,RESET_SWEEP,122,6,1.85
4.50,1.90,4.158996757263184,RESET_SWEEP,122,6,1.90
4.50,1.95,3.894714530700684,RESET_SWEEP,122,6,1.95
4.50,2.00,3.2031862103881834,RESET_SWEEP,122,6,2.00
4.50,2.05,2.7728883588256834,RESET_SWEEP,122,6,2.05
4.50,2.10,3.2898561322631834,RESET_SWEEP,122,6,2.10
4.50,2.15,2.932800468200684,RESET_SWEEP,122,6,2.15
4.50,2.20,2.6688234174194334,RESET_SWEEP,122,6,2.20
4.50,2.25,0.8011476361694337,RESET_SWEEP,122,6,2.25
4.50,2.30,1.8808595502319336,RESET_SWEEP,122,6,2.30
4.50,2.35,1.2875978314819336,RESET_SWEEP,122,6,2.35
4.50,2.40,0.09130876898193359,RESET_SWEEP,122,6,2.40
4.50,2.40,0.09130876898193359,RESET_PASSED,122,6,2.40
4.50,1.00,3.819336112731934,RESET_SWEEP,122,7,1.00
4.50,1.05,3.8349000775756834,RESET_SWEEP,122,7,1.05
4.50,1.10,3.960632499450684,RESET_SWEEP,122,7,1.10
4.50,1.15,3.3899537885131834,RESET_SWEEP,122,7,1.15
4.50,1.20,4.013122733825684,RESET_SWEEP,122,7,1.20
4.50,1.25,3.810180839294434,RESET_SWEEP,122,7,1.25
4.50,1.30,3.8132325971069334,RESET_SWEEP,122,7,1.30
4.50,1.35,3.6389772260131834,RESET_SWEEP,122,7,1.35
4.50,1.40,3.6273805463256834,RESET_SWEEP,122,7,1.40
4.50,1.45,3.7781373822631834,RESET_SWEEP,122,7,1.45
4.50,1.50,3.2773439252319334,RESET_SWEEP,122,7,1.50
4.50,1.55,3.6096803510131834,RESET_SWEEP,122,7,1.55
4.50,1.60,3.3209840619506834,RESET_SWEEP,122,7,1.60
4.50,1.65,3.9032594525756834,RESET_SWEEP,122,7,1.65
4.50,1.70,3.7930909955444334,RESET_SWEEP,122,7,1.70
4.50,1.75,4.054321464294434,RESET_SWEEP,122,7,1.75
4.50,1.80,1.9675294721069339,RESET_SWEEP,122,7,1.80
4.50,1.85,2.7686158978881834,RESET_SWEEP,122,7,1.85
4.50,1.90,2.6419679486694334,RESET_SWEEP,122,7,1.90
4.50,1.95,0.4346315228881836,RESET_SWEEP,122,7,1.95
4.50,1.95,0.4346315228881836,RESET_PASSED,122,7,1.95
4.50,1.00,4.313720878356934,RESET_SWEEP,122,8,1.00
4.50,1.05,4.393066581481934,RESET_SWEEP,122,8,1.05
4.50,1.10,4.361633476013184,RESET_SWEEP,122,8,1.10
4.50,1.15,4.385132011169434,RESET_SWEEP,122,8,1.15
4.50,1.20,4.299377616638184,RESET_SWEEP,122,8,1.20
4.50,1.25,4.321960624450684,RESET_SWEEP,122,8,1.25
4.50,1.30,4.438537772888184,RESET_SWEEP,122,8,1.30
4.50,1.35,4.561523612731934,RESET_SWEEP,122,8,1.35
4.50,1.40,4.581665214294434,RESET_SWEEP,122,8,1.40
4.50,1.45,4.459289726013184,RESET_SWEEP,122,8,1.45
4.50,1.50,4.779419120544434,RESET_SWEEP,122,8,1.50
4.50,1.55,4.606689628356934,RESET_SWEEP,122,8,1.55
4.50,1.60,4.872497733825684,RESET_SWEEP,122,8,1.60
4.50,1.65,4.734863456481935,RESET_SWEEP,122,8,1.65
4.50,1.70,4.687256034606934,RESET_SWEEP,122,8,1.70
4.50,1.75,4.687866386169434,RESET_SWEEP,122,8,1.75
4.50,1.80,4.983581718200684,RESET_SWEEP,122,8,1.80
4.50,1.85,4.582275565856934,RESET_SWEEP,122,8,1.85
4.50,1.90,4.941772636169434,RESET_SWEEP,122,8,1.90
4.50,1.95,5.019897636169434,RESET_SWEEP,122,8,1.95
4.50,2.00,4.566711601013184,RESET_SWEEP,122,8,2.00
4.50,2.05,4.729980643981934,RESET_SWEEP,122,8,2.05
4.50,2.10,3.693298515075684,RESET_SWEEP,122,8,2.10
4.50,2.15,4.142822440856935,RESET_SWEEP,122,8,2.15
4.50,2.20,3.0875245892944334,RESET_SWEEP,122,8,2.20
4.50,2.25,2.9669801557006834,RESET_SWEEP,122,8,2.25
4.50,2.30,2.5675050580444334,RESET_SWEEP,122,8,2.30
4.50,2.35,1.1722413861694336,RESET_SWEEP,122,8,2.35
4.50,2.40,1.2665407025756836,RESET_SWEEP,122,8,2.40
4.50,2.45,2.2659913861694334,RESET_SWEEP,122,8,2.45
4.50,2.50,1.9977418744506839,RESET_SWEEP,122,8,2.50
4.50,2.55,1.7993776166381836,RESET_SWEEP,122,8,2.55
4.50,2.60,1.0339967572631839,RESET_SWEEP,122,8,2.60
4.50,2.65,2.7008668744506834,RESET_SWEEP,122,8,2.65
4.50,2.70,2.3422853314819334,RESET_SWEEP,122,8,2.70
4.50,2.75,1.5967408978881836,RESET_SWEEP,122,8,2.75
4.50,2.80,0.6317750775756837,RESET_SWEEP,122,8,2.80
4.50,2.85,0.8191530072631837,RESET_SWEEP,122,8,2.85
4.50,2.90,1.7575685346069336,RESET_SWEEP,122,8,2.90
4.50,2.95,1.8680421674194339,RESET_SWEEP,122,8,2.95
4.50,3.00,0.8627931439819336,RESET_SWEEP,122,8,3.00
4.50,3.05,1.5369264447631836,RESET_SWEEP,122,8,3.05
4.50,3.10,0.3616945111694336,RESET_SWEEP,122,8,3.10
4.50,3.10,0.3616945111694336,RESET_PASSED,122,8,3.10
4.50,1.00,4.818481620544434,RESET_SWEEP,122,9,1.00
4.50,1.05,5.535339530700684,RESET_SWEEP,122,9,1.05
4.50,1.10,4.935974296325684,RESET_SWEEP,122,9,1.10
4.50,1.15,4.823364433044434,RESET_SWEEP,122,9,1.15
4.50,1.20,5.054077323669435,RESET_SWEEP,122,9,1.20
4.50,1.25,4.952148612731934,RESET_SWEEP,122,9,1.25
4.50,1.30,5.502380546325684,RESET_SWEEP,122,9,1.30
4.50,1.35,5.759948905700684,RESET_SWEEP,122,9,1.35
4.50,1.40,5.383972343200684,RESET_SWEEP,122,9,1.40
4.50,1.45,5.034546073669435,RESET_SWEEP,122,9,1.45
4.50,1.50,4.564575370544435,RESET_SWEEP,122,9,1.50
4.50,1.55,4.609741386169434,RESET_SWEEP,122,9,1.55
4.50,1.60,3.943847831481934,RESET_SWEEP,122,9,1.60
4.50,1.65,3.151306327575684,RESET_SWEEP,122,9,1.65
4.50,1.70,2.3010866010131834,RESET_SWEEP,122,9,1.70
4.50,1.75,3.4720460736694334,RESET_SWEEP,122,9,1.75
4.50,1.80,3.5816041791381834,RESET_SWEEP,122,9,1.80
4.50,1.85,4.449218925231934,RESET_SWEEP,122,9,1.85
4.50,1.90,3.676819022888184,RESET_SWEEP,122,9,1.90
4.50,1.95,1.8665162885131839,RESET_SWEEP,122,9,1.95
4.50,2.00,1.3022462689819336,RESET_SWEEP,122,9,2.00
4.50,2.05,1.7133180463256836,RESET_SWEEP,122,9,2.05
4.50,2.10,1.9635621869506836,RESET_SWEEP,122,9,2.10
4.50,2.15,0.8856813275756836,RESET_SWEEP,122,9,2.15
4.50,2.20,1.3724366986694336,RESET_SWEEP,122,9,2.20
4.50,2.25,0.5386964642944337,RESET_SWEEP,122,9,2.25
4.50,2.25,0.5386964642944337,RESET_PASSED,122,9,2.25
4.50,1.00,5.055603202575684,RESET_SWEEP,123,5,1.00
4.50,1.05,4.862121757263184,RESET_SWEEP,123,5,1.05
4.50,1.10,5.186828788513184,RESET_SWEEP,123,5,1.10
4.50,1.15,5.180114921325684,RESET_SWEEP,123,5,1.15
4.50,1.20,4.674743827575685,RESET_SWEEP,123,5,1.20
4.50,1.25,4.330810722106935,RESET_SWEEP,123,5,1.25
4.50,1.30,4.693664726013184,RESET_SWEEP,123,5,1.30
4.50,1.35,4.816040214294435,RESET_SWEEP,123,5,1.35
4.50,1.40,4.887451347106934,RESET_SWEEP,123,5,1.40
4.50,1.45,3.377746757263184,RESET_SWEEP,123,5,1.45
4.50,1.50,3.1247560346069334,RESET_SWEEP,123,5,1.50
4.50,1.55,4.019531425231934,RESET_SWEEP,123,5,1.55
4.50,1.60,4.383911308044434,RESET_SWEEP,123,5,1.60
4.50,1.65,4.568847831481935,RESET_SWEEP,123,5,1.65
4.50,1.70,3.8263551557006834,RESET_SWEEP,123,5,1.70
4.50,1.75,4.307007011169434,RESET_SWEEP,123,5,1.75
4.50,1.80,1.7398683392944336,RESET_SWEEP,123,5,1.80
4.50,1.85,2.9010621869506834,RESET_SWEEP,123,5,1.85
4.50,1.90,2.4780885541381834,RESET_SWEEP,123,5,1.90
4.50,1.95,2.087463554138184,RESET_SWEEP,123,5,1.95
4.50,2.00,2.6547853314819334,RESET_SWEEP,123,5,2.00
4.50,2.05,1.8015138471069339,RESET_SWEEP,123,5,2.05
4.50,2.10,0.8661500775756837,RESET_SWEEP,123,5,2.10
4.50,2.15,1.2470094525756839,RESET_SWEEP,123,5,2.15
4.50,2.20,0.9192506635131836,RESET_SWEEP,123,5,2.20
4.50,2.25,1.4386598432006839,RESET_SWEEP,123,5,2.25
4.50,2.30,0.034851249450683595,RESET_SWEEP,123,5,2.30
4.50,2.30,0.034851249450683595,RESET_PASSED,123,5,2.30
1.60,3.00,-0.016540352111816405,RESET_SWEEP,123,5,0.00
1.60,3.50,0.045227226013183595,RESET_SWEEP,123,5,0.00
1.60,4.00,0.0406495892944336,RESET_SWEEP,123,5,0.00
1.60,4.50,0.044616874450683595,RESET_SWEEP,123,5,0.00
1.70,3.00,0.056518729919433595,RESET_SWEEP,123,5,0.00
1.70,3.50,0.013794120544433594,RESET_SWEEP,123,5,0.00
1.70,4.00,0.0357667767944336,RESET_SWEEP,123,5,0.00
1.70,4.50,0.0458375775756836,RESET_SWEEP,123,5,0.00
1.80,3.00,0.1508180463256836,RESET_SWEEP,123,5,0.00
1.80,3.50,0.3287355267944336,RESET_SWEEP,123,5,0.00
1.80,3.50,0.3287355267944336,RESET_PASSED,123,5,0.00
1.60,3.00,0.2301637494506836,RESET_SWEEP,123,5,0.00
1.60,3.00,0.2301637494506836,RESET_PASSED,123,5,0.00
4.50,1.00,4.458679374450685,RESET_SWEEP,123,6,1.00
4.50,1.05,4.459594901794435,RESET_SWEEP,123,6,1.05
4.50,1.10,4.227356132263184,RESET_SWEEP,123,6,1.10
4.50,1.15,4.007629569763184,RESET_SWEEP,123,6,1.15
4.50,1.20,3.783020194763184,RESET_SWEEP,123,6,1.20
4.50,1.25,3.892883476013184,RESET_SWEEP,123,6,1.25
4.50,1.30,3.8052980267944334,RESET_SWEEP,123,6,1.30
4.50,1.35,3.8645021283569334,RESET_SWEEP,123,6,1.35
4.50,1.40,3.465027030700684,RESET_SWEEP,123,6,1.40
4.50,1.45,3.6359254682006834,RESET_SWEEP,123,6,1.45
4.50,1.50,3.8074342572631834,RESET_SWEEP,123,6,1.50
4.50,1.55,4.651245292419434,RESET_SWEEP,123,6,1.55
4.50,1.60,4.767517265075684,RESET_SWEEP,123,6,1.60
4.50,1.65,4.166015800231934,RESET_SWEEP,123,6,1.65
4.50,1.70,4.007629569763184,RESET_SWEEP,123,6,1.70
4.50,1.75,4.269165214294434,RESET_SWEEP,123,6,1.75
4.50,1.80,4.405578788513184,RESET_SWEEP,123,6,1.80
4.50,1.85,3.7241212689819334,RESET_SWEEP,123,6,1.85
4.50,1.90,3.0795900189819334,RESET_SWEEP,123,6,1.90
4.50,1.95,3.890442069763184,RESET_SWEEP,123,6,1.95
4.50,2.00,3.6270753705444334,RESET_SWEEP,123,6,2.00
4.50,2.05,3.111023124450684,RESET_SWEEP,123,6,2.05
4.50,2.10,0.8823243939819336,RESET_SWEEP,123,6,2.10
4.50,2.15,0.5820314252319336,RESET_SWEEP,123,6,2.15
4.50,2.15,0.5820314252319336,RESET_PASSED,123,6,2.15
4.50,1.00,4.999756034606934,RESET_SWEEP,123,7,1.00
4.50,1.05,5.032715018981934,RESET_SWEEP,123,7,1.05
4.50,1.10,4.962524589294434,RESET_SWEEP,123,7,1.10
4.50,1.15,5.015625175231934,RESET_SWEEP,123,7,1.15
4.50,1.20,5.045532401794434,RESET_SWEEP,123,7,1.20
4.50,1.25,4.979614433044435,RESET_SWEEP,123,7,1.25
4.50,1.30,5.063842948669434,RESET_SWEEP,123,7,1.30
4.50,1.35,5.120605643981934,RESET_SWEEP,123,7,1.35
4.50,1.40,4.990295585388184,RESET_SWEEP,123,7,1.40
4.50,1.45,5.134338554138184,RESET_SWEEP,123,7,1.45
4.50,1.50,4.782776054138184,RESET_SWEEP,123,7,1.50
4.50,1.55,4.916748222106934,RESET_SWEEP,123,7,1.55
4.50,1.60,5.102600272888184,RESET_SWEEP,123,7,1.60
4.50,1.65,4.665588554138184,RESET_SWEEP,123,7,1.65
4.50,1.70,4.613708671325685,RESET_SWEEP,123,7,1.70
4.50,1.75,4.394287284606935,RESET_SWEEP,123,7,1.75
4.50,1.80,4.032348808044434,RESET_SWEEP,123,7,1.80
4.50,1.85,4.301513847106934,RESET_SWEEP,123,7,1.85
4.50,1.90,4.477600272888184,RESET_SWEEP,123,7,1.90
4.50,1.95,4.465698417419434,RESET_SWEEP,123,7,1.95
4.50,2.00,3.3255616986694334,RESET_SWEEP,123,7,2.00
4.50,2.05,3.0850831830444334,RESET_SWEEP,123,7,2.05
4.50,2.10,2.8644410932006834,RESET_SWEEP,123,7,2.10
4.50,2.15,1.7581788861694336,RESET_SWEEP,123,7,2.15
4.50,2.20,2.333130058044434,RESET_SWEEP,123,7,2.20
4.50,2.25,1.8433229291381836,RESET_SWEEP,123,7,2.25
4.50,2.30,0.2716676557006836,RESET_SWEEP,123,7,2.30
4.50,2.30,0.2716676557006836,RESET_PASSED,123,7,2.30
4.50,1.00,4.835571464294435,RESET_SWEEP,123,8,1.00
4.50,1.05,4.823669608825685,RESET_SWEEP,123,8,1.05
4.50,1.10,4.880432304138185,RESET_SWEEP,123,8,1.10
4.50,1.15,4.835876640075684,RESET_SWEEP,123,8,1.15
4.50,1.20,4.891113456481934,RESET_SWEEP,123,8,1.20
4.50,1.25,4.843200858825685,RESET_SWEEP,123,8,1.25
4.50,1.30,4.989074882263184,RESET_SWEEP,123,8,1.30
4.50,1.35,4.799560722106934,RESET_SWEEP,123,8,1.35
4.50,1.40,4.838928397888185,RESET_SWEEP,123,8,1.40
4.50,1.45,4.938415702575684,RESET_SWEEP,123,8,1.45
4.50,1.50,4.900879081481935,RESET_SWEEP,123,8,1.50
4.50,1.55,4.631103690856934,RESET_SWEEP,123,8,1.55
4.50,1.60,4.867004569763185,RESET_SWEEP,123,8,1.60
4.50,1.65,5.110229667419434,RESET_SWEEP,123,8,1.65
4.50,1.70,4.552063163513184,RESET_SWEEP,123,8,1.70
4.50,1.75,4.926208671325685,RESET_SWEEP,123,8,1.75
4.50,1.80,4.692138847106934,RESET_SWEEP,123,8,1.80
4.50,1.85,4.834961112731934,RESET_SWEEP,123,8,1.85
4.50,1.90,4.336914237731934,RESET_SWEEP,123,8,1.90
4.50,1.95,4.156250175231934,RESET_SWEEP,123,8,1.95
4.50,2.00,3.9719240033569334,RESET_SWEEP,123,8,2.00
4.50,2.05,3.838562186950684,RESET_SWEEP,123,8,2.05
4.50,2.10,2.6267091596069334,RESET_SWEEP,123,8,2.10
4.50,2.15,2.257751640075684,RESET_SWEEP,123,8,2.15
4.50,2.20,1.7441408002319339,RESET_SWEEP,123,8,2.20
4.50,2.25,1.4356080853881836,RESET_SWEEP,123,8,2.25
4.50,2.30,2.3273317182006834,RESET_SWEEP,123,8,2.30
4.50,2.35,1.8662111127319336,RESET_SWEEP,123,8,2.35
4.50,2.40,0.7794801557006836,RESET_SWEEP,123,8,2.40
4.50,2.45,3.5056154096069334,RESET_SWEEP,123,8,2.45
4.50,2.50,1.9687501752319336,RESET_SWEEP,123,8,2.50
4.50,2.55,2.2601930463256834,RESET_SWEEP,123,8,2.55
4.50,2.60,1.4887086713256836,RESET_SWEEP,123,8,2.60
4.50,2.65,0.7166139447631836,RESET_SWEEP,123,8,2.65
4.50,2.70,1.9821779096069336,RESET_SWEEP,123,8,2.70
4.50,2.75,0.4797975385131836,RESET_SWEEP,123,8,2.75
4.50,2.75,0.4797975385131836,RESET_PASSED,123,8,2.75
4.50,1.00,4.433349784606935,RESET_SWEEP,123,9,1.00
4.50,1.05,4.515136893981934,RESET_SWEEP,123,9,1.05
4.50,1.10,4.380249198669434,RESET_SWEEP,123,9,1.10
4.50,1.15,4.434265311950684,RESET_SWEEP,123,9,1.15
4.50,1.20,4.444641288513184,RESET_SWEEP,123,9,1.20
4.50,1.25,4.421447929138185,RESET_SWEEP,123,9,1.25
4.50,1.30,4.429992851013185,RESET_SWEEP,123,9,1.30
4.50,1.35,4.450744804138184,RESET_SWEEP,123,9,1.35
4.50,1.40,4.467834647888184,RESET_SWEEP,123,9,1.40
4.50,1.45,4.597839530700684,RESET_SWEEP,123,9,1.45
4.50,1.50,4.404663261169434,RESET_SWEEP,123,9,1.50
4.50,1.55,4.357055839294435,RESET_SWEEP,123,9,1.55
4.50,1.60,4.408020194763184,RESET_SWEEP,123,9,1.60
4.50,1.65,4.557251151794434,RESET_SWEEP,123,9,1.65
4.50,1.70,4.431823905700684,RESET_SWEEP,123,9,1.70
4.50,1.75,4.498352226013184,RESET_SWEEP,123,9,1.75
4.50,1.80,4.327148612731934,RESET_SWEEP,123,9,1.80
4.50,1.85,4.271301444763184,RESET_SWEEP,123,9,1.85
4.50,1.90,4.448303397888184,RESET_SWEEP,123,9,1.90
4.50,1.95,4.357055839294435,RESET_SWEEP,123,9,1.95
4.50,2.00,4.438232597106934,RESET_SWEEP,123,9,2.00
4.50,2.05,4.855713065856934,RESET_SWEEP,123,9,2.05
4.50,2.10,4.989685233825685,RESET_SWEEP,123,9,2.10
4.50,2.15,4.299682792419434,RESET_SWEEP,123,9,2.15
4.50,2.20,3.2044069135131834,RESET_SWEEP,123,9,2.20
4.50,2.25,1.1737672650756839,RESET_SWEEP,123,9,2.25
4.50,2.30,2.0847169721069334,RESET_SWEEP,123,9,2.30
4.50,2.35,2.0999757611694334,RESET_SWEEP,123,9,2.35
4.50,2.40,2.510132011169434,RESET_SWEEP,123,9,2.40
4.50,2.45,1.8161622846069339,RESET_SWEEP,123,9,2.45
4.50,2.50,1.7996827924194336,RESET_SWEEP,123,9,2.50
4.50,2.55,1.4414064252319339,RESET_SWEEP,123,9,2.55
4.50,2.60,0.8209840619506836,RESET_SWEEP,123,9,2.60
4.50,2.65,0.7730714642944336,RESET_SWEEP,123,9,2.65
4.50,2.70,1.1136476361694336,RESET_SWEEP,123,9,2.70
4.50,2.75,0.4758302533569336,RESET_SWEEP,123,9,2.75
4.50,2.75,0.4758302533569336,RESET_PASSED,123,9,2.75
4.50,1.00,0.6555787885131837,RESET_SWEEP,123,9,1.00
4.50,1.05,0.4883424603881836,RESET_SWEEP,123,9,1.05
4.50,1.05,0.4883424603881836,RESET_PASSED,123,9,1.05
